timestamp,message,prompt_version,model,latency_ms,total_tokens,provider
2024-11-25T12:00:07.120000+00:00,LLMOps가 뭐야?,v1,gpt-4o-mini-stub,118,120,stub
2024-11-25T12:00:07.320000+00:00,프롬프트 버전 관리를 어떻게 자동화할까?,v2,gpt-4o-mini-stub,134,164,stub
2024-11-25T12:00:07.510000+00:00,지연시간을 줄이려면 어떤 모니터링 지표를 봐야 할까?,v1,gpt-4o-mini-stub,101,172,stub
2024-11-25T12:00:07.705000+00:00,사용자 피드백을 프롬프트 튜닝에 연결하는 방법?,v2,gpt-4o-mini-stub,141,168,stub
2024-11-25T12:00:07.895000+00:00,토큰 사용량과 비용을 예측하려면?,v1,gpt-4o-mini-stub,96,136,stub
2024-11-25T12:00:08.080000+00:00,운영 환경에서 롤백 전략은 어떻게 세울까?,v2,gpt-4o-mini-stub,152,158,stub
2024-11-25T12:00:08.260000+00:00,멀티 모델 전략이 필요할까?,v1,gpt-4o-mini-stub,110,148,stub
2024-11-25T12:00:08.445000+00:00,장애 대응을 위한 모니터링 팁 알려줘,v2,gpt-4o-mini-stub,165,162,stub
2025-11-16 08:33:50.506806+00:00,LLMOps가 뭐야?,v1,gpt-4o-mini-stub,96,15,stub
2025-11-16 08:33:50.699263+00:00,프롬프트 버전 관리를 어떻게 자동화할까?,v2,gpt-4o-mini-stub,186,31,stub
2025-11-16 08:33:50.879910+00:00,지연시간을 줄이려면 어떤 모니터링 지표를 봐야 할까?,v1,gpt-4o-mini-stub,177,29,stub
2025-11-16 08:33:51.069194+00:00,사용자 피드백을 프롬프트 튜닝에 연결하는 방법?,v2,gpt-4o-mini-stub,185,32,stub
2025-11-16 08:33:51.240778+00:00,토큰 사용량과 비용을 예측하려면?,v1,gpt-4o-mini-stub,168,22,stub
2025-11-16 08:33:51.347934+00:00,운영 환경에서 롤백 전략은 어떻게 세울까?,v2,gpt-4o-mini-stub,103,33,stub
